gid,bottin_id,street_name,raw,street_number,street,years,fuzzy_date,bottin_id,normalised_target_addr,rank,historical_name,normalised_name,geom,specific_fuzzy_date,specific_spatial_precision,historical_source,numerical_origin_process,semantic_score,temporal_score,scale_score,spatial_score,aggregated_score,confidence_in_result
2311,Boocks (Felix)  pass. Saulnier  2123.,Boocks (Felix),Boocks (Felix)  pass. Saulnier  2123.,{23},{2},{1877},(1876.000000 1877.000000 1877.000000 1878.000000 1.000000),,,,,,,,,,,,,,,,
1820,@NOTE Usines de la Mulatiere eLyon  B. Trayvou  propriet. Ins,Usines de la Mulatiere eLyon  B. Trayvou  propriet. Ins,@NOTE Usines de la Mulatiere eLyon  B. Trayvou  propriet. Ins-truments de pesage en tous gen-res  depft  8  quai de Gevres.,{8},{depft},{1875},(1874.000000 1875.000000 1875.000000 1876.000000 1.000000),,,,,,,,,,,,,,,,
2627,Reiter (Ad.) et Cie  operations debourse au comptant et e terme negociation d'affaires industriel,Reiter (Ad.) et Cie,Reiter (Ad.) et Cie  operations debourse au comptant et e terme negociation d'affaires industriel-les  emissions  correspondantsen France et e l'etranger. Chaus-see-dAntin  55.,{55},{correspondants en France et e l'etranger. Chaussee-dAntin\             \correspondants en France et e l'etranger. Chaussee-dAntin},{1877},(1876.000000 1877.000000 1877.000000 1878.000000 1.000000),,,,,,,,,,,,,,,,
26,Balensi (E) et Cie  banque et re,Balensi (E) et Cie,Balensi (E) et Cie  banque et re-couvrentents  comptoir special pour vente et achats d'actionsde Cies d'assurances et de toutesautres valeurs au comptant ,rentes viageres. Grammont  15.,{15},{pour vente et achats d'actions de Cies d'assurances et de toutes autres valeurs au comptant , rentes viageres. Grammont},{1871 1872},(1870.000000 1871.000000 1872.000000 1873.000000 1.000000),,,,,,,,,,,,,,,,
2150,Nocera (S.)  banque  escompte  encaissements et payement desrentes et pensions sur l'Etatciviles et militaires. N.-D.-des,Nocera (S.),Nocera (S.)  banque  escompte  encaissements et payement desrentes et pensions sur l'Etatciviles et militaires. N.-D.-des-Victoires  42. maison a Naples.,{42},{ encaissements et payement des rentes et pensions sur l'Etat civiles et militaires. N.-D.-desVictoires\             \ encaissements et payement des rentes et pensions sur l'Etat civiles et militaires. N.-D.-desVictoires},{1876},(1875.000000 1876.000000 1876.000000 1877.000000 1.000000),,,,,,,,,,,,,,,,
6554,TARAYRES (L.) & Cie formations de societes.Commandites  cession de com,TARAYRES (L.) & Cie,TARAYRES (L.) & Cie formations de societes.Commandites  cession de com-merce de gros  industries. Ren-seignements gratuits.11  PLACE DE LA BOURSE 11.T. 104.15.,{11},{industries. Renseignements gratuits},{1910},(1909.000000 1910.000000 1910.000000 1911.000000 1.000000),,,,,,,,,,,,,,,,
1116,Henry (F.) et (He. I Afflue- 27.,Henry (F.) et (He,Henry (F.) et (He. I Afflue- 27.,{27},{I Afflue},{1874},(1873.000000 1874.000000 1874.000000 1875.000000 1.000000),,,,,,,,,,,,,,,,
3142,Rousseau  Olivier NC et Cie  succ.de Rousscau (Honore) NC .Richer.26.,Rousseau,Rousseau  Olivier NC et Cie  succ.de Rousscau (Honore) NC .Richer.26.,{26},{succ. de Rousscau (Honore) NC .Richer},{1880},(1879.000000 1880.000000 1880.000000 1881.000000 1.000000),,,,,,,,,,,,,,,,
282,Monteaux (V.)  Palais-Royal  gal.Montpensier  70 e 73.,Monteaux (V.),Monteaux (V.)  Palais-Royal  gal.Montpensier  70 e 73.,{73},{70 },{1871 1872},(1870.000000 1871.000000 1872.000000 1873.000000 1.000000),,,,,,,,,,,,,,,,
6309,Lesort(A. J.) et Cie  boul. de Cli,Lesort(A,Lesort(A. J.) et Cie  boul. de Cli-chy  3 et 5.,{5},{3 e},{1910},(1909.000000 1910.000000 1910.000000 1911.000000 1.000000),,,,,,,,,,,,,,,,
2816,COMPTOIR CENTRAL DES REPORTS Jules Bonnet et Cie  15 et 17  ruedes Martyrs  ordres de Bourse(meames conditions que les agentsde change).,COMPTOIR CENTRAL DES REPORTS,COMPTOIR CENTRAL DES REPORTS Jules Bonnet et Cie  15 et 17  ruedes Martyrs  ordres de Bourse(meames conditions que les agentsde change).,{17},{15 e},{1880},(1879.000000 1880.000000 1880.000000 1881.000000 1.000000),,,,,,,,,,,,,,,,
6465,Rehse (W.)  Faub. Poissonniere 66 et 68.,Rehse (W.),Rehse (W.)  Faub. Poissonniere 66 et 68.,{68},{66 e},{1910},(1909.000000 1910.000000 1910.000000 1911.000000 1.000000),,,,,,,,,,,,,,,,
2266,Armand (C.)  banque et recou,Armand (C.),Armand (C.)  banque et recou-vrements  quai de Bercy  M et Meeon  6.,{6},{et Meeon},{1877},(1876.000000 1877.000000 1877.000000 1878.000000 1.000000),,,,,,,,,,,,,,,,
6170,GARDY (Jh) (*A) (maison fondeepar Cuinat *  en 1874), apris la suite des operationsdEugene Staude  50  rue desTournelles. Vente e credit devaleurs e lots. Billets de toutesles loteries autorisees  gros etdetail. - Toutes operations debanque. Publie le Journal dupetit Rentier et Revue des va,GARDY (Jh) (*A) (maison fondeepar Cuinat *  en 1874), apris la suite des operationsdEugene Staude  50  rue desTournelles. Vente e credit devaleurs e lots. Billets de toutesles loteries autorisees  gros etdetail. - Toutes operations debanque. Publie le Journal dupetit Rentier et Revue des va,GARDY (Jh) (*A) (maison fondeepar Cuinat *  en 1874), apris la suite des operationsdEugene Staude  50  rue desTournelles. Vente e credit devaleurs e lots. Billets de toutesles loteries autorisees  gros etdetail. - Toutes operations debanque. Publie le Journal dupetit Rentier et Revue des va-leurs e lots et loteries  3 fr.par an  boul. Beaumarchais  23.T. 1005.24.,{50},{en 1874), a pris la suite des operations dEugene Staude},{1910},(1909.000000 1910.000000 1910.000000 1911.000000 1.000000),,,,,,,,,,,,,,,,
4414,CERF (A.)  remisier  OPcRATIONS DE BOURSE par AGENTSDE CHANGE et en COULISSE.Conseils serieux pour place,CERF (A.),CERF (A.)  remisier  OPcRATIONS DE BOURSE par AGENTSDE CHANGE et en COULISSE.Conseils serieux pour place-ments et speculation , r. Papil-lon  9.,{9},{OPcRA TIONS DE BOURSE par AGENTS DE CHANGE et en COULISSE. Conseils serieux pour placements et speculation , r. Papillon},{1895},(1894.000000 1895.000000 1895.000000 1896.000000 1.000000),,,,,,,,,,,,,,,,
77,Cathrein (Franz)  banque et com,Cathrein (Franz),Cathrein (Franz)  banque et com-mission  Trevise  43 et 45.,{45},{43 e},{1871 1872},(1870.000000 1871.000000 1872.000000 1873.000000 1.000000),,,,,,,,,,,,,,,,
3926,Doucet  Cheteaudun  57 et 59.,Doucet,Doucet  Cheteaudun  57 et 59.,{59},{57 e},{1890},(1889.000000 1890.000000 1890.000000 1891.000000 1.000000),,,,,,,,,,,,,,,,
6031,CAISSE NOTARIALE RUE LA FAYETTE  83 BIS.T. 130.53.,CAISSE NOTARIALE,CAISSE NOTARIALE RUE LA FAYETTE  83 BIS.T. 130.53.,{130},{83 BIS. T},{1910},(1909.000000 1910.000000 1910.000000 1911.000000 1.000000),,,,,,,,,,,,,,,,
2677,Tucker (James W.) et Cie  Scribe 3 et 5.,Tucker (James W.) et Cie,Tucker (James W.) et Cie  Scribe 3 et 5.,{5},{3 e},{1877},(1876.000000 1877.000000 1877.000000 1878.000000 1.000000),,,,,,,,,,,,,,,,
3034,Marie (L.)  escompte  recouvre,Marie (L.),Marie (L.)  escompte  recouvre-ments  ordres de bourse  titres coupons  renseignements  avan-ces sur titres  pensions milit.contentieux , Midi  25  Vincen-nes (Seine).,{25},{pensions milit. contentieux , Midi},{1880},(1879.000000 1880.000000 1880.000000 1881.000000 1.000000),,,,,,,,,,,,,,,,
1978,Fabre (E.) et Zunz  pass. Verdeau 6 et 8.,Fabre (E.) et Zunz,Fabre (E.) et Zunz  pass. Verdeau 6 et 8.,{8},{6 e},{1876},(1875.000000 1876.000000 1876.000000 1877.000000 1.000000),,,,,,,,,,,,,,,,
2353,COMPTOIR INTERNATIONAL  comm. consignation  avances immedia,COMPTOIR INTERNATIONAL,COMPTOIR INTERNATIONAL  comm. consignation  avances immedia-tes sur marchandises et sur ti-tres  (meames numeros rendus) achat de titres et marchandisesau comptant  Dunkerque  21 et23.,{23},{21 e},{1877},(1876.000000 1877.000000 1877.000000 1878.000000 1.000000),,,,,,,,,,,,,,,,
68,Cahn (II.) et Cie  banquiers  ca,Cahn (II.) et Cie,Cahn (II.) et Cie  banquiers  ca-pital social: un million de francs.Bergere  35.Cahen (M.) dAnvers  Victoire  59.,{35},{capital social: un million de francs. Bergere},{1871 1872},(1870.000000 1871.000000 1872.000000 1873.000000 1.000000),,,,,,,,,,,,,,,,
1213,Monteaux (Cb.) et B. Lunel  boul.Montmartre  15 et 17 (comptoirfraneais de changes).,Monteaux (Cb.) et B,Monteaux (Cb.) et B. Lunel  boul.Montmartre  15 et 17 (comptoirfraneais de changes).,{17},{15 e},{1874},(1873.000000 1874.000000 1874.000000 1875.000000 1.000000),,,,,,,,,,,,,,,,
3681,Rochat (Louis)  Richelieu  82 et84.,Rochat (Louis),Rochat (Louis)  Richelieu  82 et84.,{84},{82 e},{1885},(1884.000000 1885.000000 1885.000000 1886.000000 1.000000),,,,,,,,,,,,,,,,
6042,Chalamel (Maurice)  r. Le Pele,Chalamel (Maurice),Chalamel (Maurice)  r. Le Pele-tier  30  T. 328.49.,{328},{30  T},{1910},(1909.000000 1910.000000 1910.000000 1911.000000 1.000000),,,,,,,,,,,,,,,,
6175,Gaye (G.)  r. Richer  20 et 22.,Gaye (G.),Gaye (G.)  r. Richer  20 et 22.,{22},{20 e},{1910},(1909.000000 1910.000000 1910.000000 1911.000000 1.000000),,,,,,,,,,,,,,,,
1367,Astruc (T.)  @NC et fils  51  rue Le,Astruc (T.),Astruc (T.)  @NC et fils  51  rue Le-Peletier.,{51},{@NC et fils},{1875},(1874.000000 1875.000000 1875.000000 1876.000000 1.000000),,,,,,,,,,,,,,,,
968,CAISSE ST-GERMAIN  banque change  commission pour touspays. Sevres  30.,CAISSE ST-GERMAIN,CAISSE ST-GERMAIN  banque change  commission pour touspays. Sevres  30.,{30},{commission pour tous pays. Sevres},{1874},(1873.000000 1874.000000 1874.000000 1875.000000 1.000000),,,,,,,,,,,,,,,,
5441,CARPENTIER  BADON PASCALET CIE  banque commercialedEscompte de Paris 57  r. du Faub. Poissonniere  57.Societe en commandite par ac,CARPENTIER,CARPENTIER  BADON PASCALET CIE  banque commercialedEscompte de Paris 57  r. du Faub. Poissonniere  57.Societe en commandite par ac-tions, capital : 6 500 000 francs.Succursales :Paris  134  rue de Rennes.Paris  2  place Voltaire.Paris  30  r. Beaubourg.Paris  52  r. dAllemagne.Levallois  pl. du Marche  7.Boulogne  91  Grande-Rue.,{57},{banque commerciale dEscompte de Paris},{1905},(1904.000000 1905.000000 1905.000000 1906.000000 1.000000),,,,,,,,,,,,,,,,
4940,COMPTOIR DES ENTREPOTSET MAGASINS GcNcRAUX capital : 8 000 000  13  r. duCloeetre St-Honore, avances surmarchandises en entrepfts  con,COMPTOIR DES ENTREPOTSET MAGASINS GcNcRAUX capital : 8 000 000  13  r. duCloeetre St-Honore, avances surmarchandises en entrepfts  con,COMPTOIR DES ENTREPOTSET MAGASINS GcNcRAUX capital : 8 000 000  13  r. duCloeetre St-Honore, avances surmarchandises en entrepfts  con-cours financier pour impor-tations et exportations.,{000},{capital : 8},{1900},(1899.000000 1900.000000 1900.000000 1901.000000 1.000000),,,,,,,,,,,,,,,,
5467,Comte et Pelletier  r. Laffitte 49.TcLcPH. 228.70.,Comte et Pelletier,Comte et Pelletier  r. Laffitte 49.TcLcPH. 228.70.,{228},{TcLcPH},{1905},(1904.000000 1905.000000 1905.000000 1906.000000 1.000000),,,,,,,,,,,,,,,,
111,David (J.) et Cie  3. Bellyard Doctors Commons  Londres E.C.  bureau de correspondance 18  Chaussee-d'Antin.,David (J.) et Cie,David (J.) et Cie  3. Bellyard Doctors Commons  Londres E.C.  bureau de correspondance 18  Chaussee-d'Antin.,{18},{bureau de correspondance},{1871 1872},(1870.000000 1871.000000 1872.000000 1873.000000 1.000000),,,,,,,,,,,,,,,,
746,Monteaux et Cie (les fils de V.) banque  change  fonds publics Palais-Royal  gal. Montpensier 70 e 73.,Monteaux et Cie (les fils de V.),Monteaux et Cie (les fils de V.) banque  change  fonds publics Palais-Royal  gal. Montpensier 70 e 73.,{73},{70 },{1873},(1872.000000 1873.000000 1873.000000 1874.000000 1.000000),,,,,,,,,,,,,,,,
2539,Mallet freres @NC et CieAnjou,Mallet freres @NC et CieAnjou,Mallet freres @NC et CieAnjou-St-Honore  37.,{37},{freres @NC et CieAnjouSt-Honore\             \freres @NC et CieAnjouSt-Honore},{1877},(1876.000000 1877.000000 1877.000000 1878.000000 1.000000),,,,,,,,,,,,,,,,
2133,Monteaux et Cie (les fils de V.) Palais-Royal  gal. Montpensier 70 e 73.,Monteaux et Cie (les fils de V.),Monteaux et Cie (les fils de V.) Palais-Royal  gal. Montpensier 70 e 73.,{73},{70 },{1876},(1875.000000 1876.000000 1876.000000 1877.000000 1.000000),,,,,,,,,,,,,,,,
6085,CUNLIFFE RUSSELL & Co (M. H. A. Clarke  success.) banquiers , affaires avecl'Angleterre et ses colonies.10 et 12  place de la Bourse  10 et 12.Adr.T:  ab CUNRUSSELL-PARIS bb.,CUNLIFFE RUSSELL & Co,CUNLIFFE RUSSELL & Co (M. H. A. Clarke  success.) banquiers , affaires avecl'Angleterre et ses colonies.10 et 12  place de la Bourse  10 et 12.Adr.T:  ab CUNRUSSELL-PARIS bb.,{12},{banquiers , affaires avec l'Angleterre et ses colonies. 10 e},{1910},(1909.000000 1910.000000 1910.000000 1911.000000 1.000000),,,,,,,,,,,,,,,,
1219,Munroe et Cie. Scribe  7 , maisonA New-York  John Munroe etde  8  Wall-Street.,Munroe et Cie,Munroe et Cie. Scribe  7 , maisonA New-York  John Munroe etde  8  Wall-Street.,{8},{John Munroe et de},{1874},(1873.000000 1874.000000 1874.000000 1875.000000 1.000000),,,,,,,,,,,,,,,,
631,Grillet (Victor)  place de la Bourse 13 et 15.,Grillet (Victor),Grillet (Victor)  place de la Bourse 13 et 15.,{15},{13 e},{1873},(1872.000000 1873.000000 1873.000000 1874.000000 1.000000),,,,,,,,,,,,,,,,
396,@NOTE Agence financiere  paie,Agence financiere,@NOTE Agence financiere  paie-ment immediat de tous coupons conditions speciales pour mes-sieurs les banquiers Faub.-Mont-martre  10.,{10},{conditions speciales pour messieurs les banquiers Faub.-Montmartre\             \conditions speciales pour messieurs les banquiers Faub.-Montmartre},{1871 1872},(1870.000000 1871.000000 1872.000000 1873.000000 1.000000),,,,,,,,,,,,,,,,
4160,Munroe et Cie  Scribe  7 , maisone New-York  John Munroe etCie  32  Nassau-Street.,Munroe et Cie,Munroe et Cie  Scribe  7 , maisone New-York  John Munroe etCie  32  Nassau-Street.,{32},{John Munroe et Cie},{1890},(1889.000000 1890.000000 1890.000000 1891.000000 1.000000),,,,,,,,,,,,,,,,
2208,Rousseau  Oliver et Cie suce.de Rousseau (Honore) @NC. Ri,Rousseau,Rousseau  Oliver et Cie suce.de Rousseau (Honore) @NC. Ri-cher  26.,{26},{Oliver et Cie suce. de Rousseau (Honore) @NC. Richer\             \Oliver et Cie suce. de Rousseau (Honore) @NC. Richer},{1876},(1875.000000 1876.000000 1876.000000 1877.000000 1.000000),,,,,,,,,,,,,,,,
5537,Fourcade NC. et Provft  r. La Boeb,Fourcade NC,Fourcade NC. et Provft  r. La Boeb-tie  7 et 9.,{9},{7 e},{1905},(1904.000000 1905.000000 1905.000000 1906.000000 1.000000),,,,,,,,,,,,,,,,
6259,KAPPER (M.) r. Louis-le-Grand 25.- T. 307.29.,KAPPER (M.),KAPPER (M.) r. Louis-le-Grand 25.- T. 307.29.,{307},{25.- T},{1910},(1909.000000 1910.000000 1910.000000 1911.000000 1.000000),,,,,,,,,,,,,,,,
6060,Clarke (M.H.A.)  pl. de la Bourse 10 et 12.,Clarke (M.H.A.),Clarke (M.H.A.)  pl. de la Bourse 10 et 12.,{12},{10 e},{1910},(1909.000000 1910.000000 1910.000000 1911.000000 1.000000),,,,,,,,,,,,,,,,
3616,Munroe et Cie  Scribe  7 , maisone New-York  John Munroe etCie  32  Nassau-street.,Munroe et Cie,Munroe et Cie  Scribe  7 , maisone New-York  John Munroe etCie  32  Nassau-street.,{32},{John Munroe et Cie},{1885},(1884.000000 1885.000000 1885.000000 1886.000000 1.000000),,,,,,,,,,,,,,,,
4159,Mulot (Edouard) et Cie  rue Ri,Mulot (Edouard) et Cie,Mulot (Edouard) et Cie  rue Ri-cher  20 et 22.,{22},{20 e},{1890},(1889.000000 1890.000000 1890.000000 1891.000000 1.000000),,,,,,,,,,,,,,,,
2941,Grillet (V.)  place de la Bourse 13 et 15.,Grillet (V.),Grillet (V.)  place de la Bourse 13 et 15.,{15},{13 e},{1880},(1879.000000 1880.000000 1880.000000 1881.000000 1.000000),,,,,,,,,,,,,,,,
1269,Raphael  Berend et Raphael  Che,Raphael,Raphael  Berend et Raphael  Che-teaydun  35.,{35},{Cheteaydun\             \Cheteaydun},{1874},(1873.000000 1874.000000 1874.000000 1875.000000 1.000000),,,,,,,,,,,,,,,,
1587,Homberg (J.) et Cie (Bertin etCie success.). Blanche  36.,Homberg (J.) et Cie (Bertin etCie success.). Blanche  36.,Homberg (J.) et Cie (Bertin etCie success.). Blanche  36.,{36},{(J.) et Cie (Bertin et Cie success.). Blanche},{1875},(1874.000000 1875.000000 1875.000000 1876.000000 1.000000),,,,,,,,,,,,,,,,
1742,Rueff (M.) et Cie  societe en com,Rueff (M.) et Cie,Rueff (M.) et Cie  societe en com-mandite par actions  capital unmillion huit cent mille francs.Banque  20.,{20},{capital un million huit cent mille francs. Banque},{1875},(1874.000000 1875.000000 1875.000000 1876.000000 1.000000),,,,,,,,,,,,,,,,
3475,Grunebaum (Alfred) et Cb (suc,Grunebaum (Alfred) et Cb (suc,Grunebaum (Alfred) et Cb (suc-cess. de F. S. Ballin et Cb) boul.Haussmann  28, maisons eNew-York  e Francfort-s.-le-Mein et e Londres  10  AngelCourt , domicile  rue Murillo  8.,{10},{e Francfort-s.-leMein et e Londres\             \e Francfort-s.-leMein et e Londres},{1885},(1884.000000 1885.000000 1885.000000 1886.000000 1.000000),,,,,,,,,,,,,,,,
689,Lavastre (G.) Neuhaus et Cie. La,Lavastre (G.) Neuhaus et Cie,Lavastre (G.) Neuhaus et Cie. La-fayette  37.,{37},{(G.) Neuhaus et Cie. Lafayette\             \(G.) Neuhaus et Cie. Lafayette},{1873},(1872.000000 1873.000000 1873.000000 1874.000000 1.000000),,,,,,,,,,,,,,,,
6021,Bretault  Bluntschli et Cie  caissede leconomie nationale  boul.du Temple  33 et 35.,Bretault,Bretault  Bluntschli et Cie  caissede leconomie nationale  boul.du Temple  33 et 35.,{35},{33 e},{1910},(1909.000000 1910.000000 1910.000000 1911.000000 1.000000),,,,,,,,,,,,,,,,
2079,Lemaire (P.)  N.-D-des-Victoires  26 et 28.,Lemaire (P.),Lemaire (P.)  N.-D-des-Victoires  26 et 28.,{28},{ 26 e},{1876},(1875.000000 1876.000000 1876.000000 1877.000000 1.000000),,,,,,,,,,,,,,,,
1137,Keller (F.) et Cie  banque Franco,Keller (F.) et Cie,Keller (F.) et Cie  banque Franco--helvetique  capital 1 000 000 defrancs  Faub.-Poissoniere  36,{000},{capital 1},{1874},(1873.000000 1874.000000 1874.000000 1875.000000 1.000000),,,,,,,,,,,,,,,,
3067,Munroe et Cie  Scribe  7 , maisone New-York  John Munroe etCie  8  Wall-Street.,Munroe et Cie,Munroe et Cie  Scribe  7 , maisone New-York  John Munroe etCie  8  Wall-Street.,{8},{John Munroe et Cie},{1880},(1879.000000 1880.000000 1880.000000 1881.000000 1.000000),,,,,,,,,,,,,,,,
589,Fabre (B.) et Zunz  pass. Verdeau 6 et 8.,Fabre (B.) et Zunz,Fabre (B.) et Zunz  pass. Verdeau 6 et 8.,{8},{6 e},{1873},(1872.000000 1873.000000 1873.000000 1874.000000 1.000000),,,,,,,,,,,,,,,,
6119,Dreyfus (Louis) (O.*) * &Cie  r. de la Banque  2 et 4.,Dreyfus (Louis) (O.*) * &Cie  r. de la Banque  2 et 4.,Dreyfus (Louis) (O.*) * &Cie  r. de la Banque  2 et 4.,{4},{2 e},{1910},(1909.000000 1910.000000 1910.000000 1911.000000 1.000000),,,,,,,,,,,,,,,,
5453,CHAVAROUX  POYER& CIE.Banque Maurice Masson OPcRATIONS DE BOURSE surtoutes les places de l'Europe.rue Taitbout 36. - TcLcPH. 215.37.et 215.87.Adr.T : MAUMASS-PARIS.,CHAVAROUX,CHAVAROUX  POYER& CIE.Banque Maurice Masson OPcRATIONS DE BOURSE surtoutes les places de l'Europe.rue Taitbout 36. - TcLcPH. 215.37.et 215.87.Adr.T : MAUMASS-PARIS.,{215},{- TcLcPH},{1905},(1904.000000 1905.000000 1905.000000 1906.000000 1.000000),,,,,,,,,,,,,,,,
904,Armand (C.) @NC  quai de Bercy 24 et Meeon  6.,Armand (C.) @NC,Armand (C.) @NC  quai de Bercy 24 et Meeon  6.,{6},{Meeon},{1874},(1873.000000 1874.000000 1874.000000 1875.000000 1.000000),,,,,,,,,,,,,,,,
3889,Cora (Leon)  comptoir du Roule Faub.-St-Honore  170 et 172.,Cora (Leon),Cora (Leon)  comptoir du Roule Faub.-St-Honore  170 et 172.,{172},{170 e},{1890},(1889.000000 1890.000000 1890.000000 1891.000000 1.000000),,,,,,,,,,,,,,,,
2619,Pujot (A.). Richelieu  82 et 84.,Pujot (A.),Pujot (A.). Richelieu  82 et 84.,{84},{82 e},{1877},(1876.000000 1877.000000 1877.000000 1878.000000 1.000000),,,,,,,,,,,,,,,,
3898,DALMAGNE (A.) avocat  emissions dactions etdobligations  Hauteville  48 et50.,DALMAGNE (A.),DALMAGNE (A.) avocat  emissions dactions etdobligations  Hauteville  48 et50.,{50},{48 e},{1890},(1889.000000 1890.000000 1890.000000 1891.000000 1.000000),,,,,,,,,,,,,,,,
4152,Monteaux (les fils de V.)  Palais,Monteaux (les fils de V.),Monteaux (les fils de V.)  Palais-Royal  galerie Montpensier  70 e07.,{73},{70 },{1890},(1889.000000 1890.000000 1890.000000 1891.000000 1.000000),,,,,,,,,,,,,,,,
4897,Bretault  Bluntschli et Cie  caissede l'economie nationale  boul.du Temple  33 et 35.,Bretault,Bretault  Bluntschli et Cie  caissede l'economie nationale  boul.du Temple  33 et 35.,{35},{33 e},{1900},(1899.000000 1900.000000 1900.000000 1901.000000 1.000000),,,,,,,,,,,,,,,,
5466,COMPTOIR St-QUENTINfonde en 1875  avances trimes,COMPTOIR St-QUENTINfonde en 1875  avances trimes,COMPTOIR St-QUENTINfonde en 1875  avances trimes-tres PENSIONS militaires etautres incessibles. Succursales :r. du Temple  61, r. Geoffroy-lAngevin  2, r. Bellefond  5,91  rue La Fayette  91.,{61},{avances trimestres PENSIONS militaires et autres incessibles. Succursales : r. du Temple},{1905},(1904.000000 1905.000000 1905.000000 1906.000000 1.000000),,,,,,,,,,,,,,,,
4838,BANQUEIMMOBILIEREPRcaTS sur TITRES NOMINA,BANQUEIMMOBILIEREPRcaTS sur TITRES NOMINA,BANQUEIMMOBILIEREPRcaTS sur TITRES NOMINA-TIFS  dotaux  inalienables INCESSIBLES : NUES - PRO-PRIcTcS e l'insu de l'usufrui-tier, usufruits  immeubles creances hypothecaires  loyers ,ouverture de credit pour cons-truire, avances immediates renseignements gratuits 25  RUE RU LOUVRE 25 TELEPH. 140.70,{25},{renseignements gratuits},{1900},(1899.000000 1900.000000 1900.000000 1901.000000 1.000000),,,,,,,,,,,,,,,,
4389,Bretault  Bluntschli et Cie  caissede leconomie nationale  boul.du Temple  33 et 35.,Bretault,Bretault  Bluntschli et Cie  caissede leconomie nationale  boul.du Temple  33 et 35.,{35},{33 e},{1895},(1894.000000 1895.000000 1895.000000 1896.000000 1.000000),,,,,,,,,,,,,,,,
5570,GRANDFEBVRE (J.) cTUDES INDUSTRIELLESET COMMERCIALES.Associations  constitutions desocietes  cessions d'industrieset de commerce de gros  preats assurances vie et incendie 110  r. de Richelieu  110.TcLcPH. 151.44.,GRANDFEBVRE (J.),GRANDFEBVRE (J.) cTUDES INDUSTRIELLESET COMMERCIALES.Associations  constitutions desocietes  cessions d'industrieset de commerce de gros  preats assurances vie et incendie 110  r. de Richelieu  110.TcLcPH. 151.44.,{110},{assurances vie et incendie},{1905},(1904.000000 1905.000000 1905.000000 1906.000000 1.000000),,,,,,,,,,,,,,,,
3531,Landry  Honore et Cie  success.de L. Prieur neveu et Cie  4 rue Rougemont, maison eElbeuf  rue Robert prolongee.,Landry,Landry  Honore et Cie  success.de L. Prieur neveu et Cie  4 rue Rougemont, maison eElbeuf  rue Robert prolongee.,{4},{success. de L. Prieur neveu et Cie},{1885},(1884.000000 1885.000000 1885.000000 1886.000000 1.000000),,,,,,,,,,,,,,,,
1626,Lemaire (P.)  N.-D.-des-Victoires 26 et 28.,Lemaire (P.),Lemaire (P.)  N.-D.-des-Victoires 26 et 28.,{28},{26 e},{1875},(1874.000000 1875.000000 1875.000000 1876.000000 1.000000),,,,,,,,,,,,,,,,
1224,Nee et Cie  succurs  de leur Caisseindustrielle de St-quentin  ban,Nee et Cie,Nee et Cie  succurs  de leur Caisseindustrielle de St-quentin  ban-eue et recouvrements  capital so-cial souscrit  4 000 000 francs 2  000  000 verses  Faub-Poisson-niere  35.,{000},{2},{1874},(1873.000000 1874.000000 1874.000000 1875.000000 1.000000),,,,,,,,,,,,,,,,
795,Quentin (E.) et Cie  rue Bergere 2??, maison e St-Quentin  capital6 000 000.,Quentin (E.) et Cie,Quentin (E.) et Cie  rue Bergere 2??, maison e St-Quentin  capital6 000 000.,{000},{capital 6},{1873},(1872.000000 1873.000000 1873.000000 1874.000000 1.000000),,,,,,,,,,,,,,,,
2236,Tucker (James W.) et Cie  Scribe 3 et 5.,Tucker (James W.) et Cie,Tucker (James W.) et Cie  Scribe 3 et 5.,{5},{3 e},{1876},(1875.000000 1876.000000 1876.000000 1877.000000 1.000000),,,,,,,,,,,,,,,,
2736,BANQUE DES TRAVAUX PUBLICS societe anonyme franeaise, capi,BANQUE DES TRAVAUX PUBLICS,BANQUE DES TRAVAUX PUBLICS societe anonyme franeaise, capi-tal social : un million. Chaussee-dAntin  50.,{50},{societe anonyme franeaise, capital social : un million. ChausseedAntin\             \societe anonyme franeaise, capital social : un million. ChausseedAntin},{1880},(1879.000000 1880.000000 1880.000000 1881.000000 1.000000),,,,,,,,,,,,,,,,
4913,CARPENTIER  BADON-PASCAL BASTIDE ET Cie  banque com,CARPENTIER,CARPENTIER  BADON-PASCAL BASTIDE ET Cie  banque com-merciale d'Escompte de Paris 57  r. du Faub.-Poissonniere  57.Societe en commandite par ac-tions, capital : huit millions.Succursales :Paris  148  rue de Rennes.Paris  2  place Voltaire.Levallois  pl. du Marche  7.Boulogne  10  Chaussee du pont.Pantin  r. de Paris  38.Vincennes  10  avenue Aubert.,{57},{banque commerciale d'Escompte de Paris},{1900},(1899.000000 1900.000000 1900.000000 1901.000000 1.000000),,,,,,,,,,,,,,,,
5474,CUNLIFFERUSSELL e Co(M. H. A. Clarke  succes.) banquiers, affaires avecl'Angleterre et ses colonies.10 et 12  place de la Bourse  10 et 12.Adr.T: ab CUNRUSSELL - PARIS bb.,CUNLIFFERUSSELL e Co(M. H. A. Clarke  succes.) banquiers, affaires avecl'Angleterre et ses colonies.10 et 12  place de la Bourse  10 et 12.Adr.T: ab CUNRUSSELL - PARIS bb.,CUNLIFFERUSSELL e Co(M. H. A. Clarke  succes.) banquiers, affaires avecl'Angleterre et ses colonies.10 et 12  place de la Bourse  10 et 12.Adr.T: ab CUNRUSSELL - PARIS bb.,{12},{banquiers, affaires avec l'Angleterre et ses colonies. 10 e},{1905},(1904.000000 1905.000000 1905.000000 1906.000000 1.000000),,,,,,,,,,,,,,,,
5123,LEBLOND  DE LOZ  (12me annee).Ouvertures de Credit. Faub.-St,LEBLOND,LEBLOND  DE LOZ  (12me annee).Ouvertures de Credit. Faub.-St-Martin  51. - TELEPH. 242.15.,{51},{(12me annee). Ouvertures de Credit. Faub.-StMartin\             \(12me annee). Ouvertures de Credit. Faub.-StMartin},{1900},(1899.000000 1900.000000 1900.000000 1901.000000 1.000000),,,,,,,,,,,,,,,,
5875,TRICART (A.) (*A) et Cie  venteet achat de valeurs de bourseet valeurs d'assurances pl. de laBourse  12.  TcLcPH. 117.97.,TRICART (A.) (*A) et Cie,TRICART (A.) (*A) et Cie  venteet achat de valeurs de bourseet valeurs d'assurances pl. de laBourse  12.  TcLcPH. 117.97.,{117},{12.  TcLcPH},{1905},(1904.000000 1905.000000 1905.000000 1906.000000 1.000000),,,,,,,,,,,,,,,,
6544,Stern (A.-J.) et Cie r. de l'Arcade 57. - T. 121.02.,Stern (A.-J.) et Cie,Stern (A.-J.) et Cie r. de l'Arcade 57. - T. 121.02.,{121},{57. - T},{1910},(1909.000000 1910.000000 1910.000000 1911.000000 1.000000),,,,,,,,,,,,,,,,
847,Thomas jeune  specialite pour lebetiment. Mandar  10.,Thomas jeune,Thomas jeune  specialite pour lebetiment. Mandar  10.,{10},{specialite pour le betiment. Mandar},{1873},(1872.000000 1873.000000 1873.000000 1874.000000 1.000000),,,,,,,,,,,,,,,,
5948,BANQUE NATIONALEINDUSTRIELLEET COMMERCIALE.Directeur-proprietaire :F. McZIcRES DE LA COUTURE.17me annee de pratique.Formation de societes  place,BANQUE NATIONALEINDUSTRIELLEET COMMERCIALE.Directeur-proprietaire :F. McZIcRES DE LA COUTURE.17me annee de pratique.Formation de societes  place,BANQUE NATIONALEINDUSTRIELLEET COMMERCIALE.Directeur-proprietaire :F. McZIcRES DE LA COUTURE.17me annee de pratique.Formation de societes  place-ment de tous titres cotes etnon cotes  emissions.(NE PAS CONFONDRE).Maison tres serieuse  univer-sellement connue. Rien e payerpour letude. Pas dexpertise nide publicite. Hautes references.6  BOUL DE CLICHY 6.FACE McTRO PIGALLE.T.Adr.T: FERCOUT-PARIS..(Voir Banques).,{6},{universellement connue. Rien e payer pour letude. Pas dexpertise ni de publicite. Hautes references},{1910},(1909.000000 1910.000000 1910.000000 1911.000000 1.000000),,,,,,,,,,,,,,,,
3115,Pujot (A.)  Richelieu  82 et 84.,Pujot (A.),Pujot (A.)  Richelieu  82 et 84.,{84},{82 e},{1880},(1879.000000 1880.000000 1880.000000 1881.000000 1.000000),,,,,,,,,,,,,,,,
6162,FROMENTIN & AUBRUN OPcRATIONS DE BOURSE r. de Provence 9.- T. 232.96.,FROMENTIN & AUBRUN,FROMENTIN & AUBRUN OPcRATIONS DE BOURSE r. de Provence 9.- T. 232.96.,{232},{T},{1910},(1909.000000 1910.000000 1910.000000 1911.000000 1.000000),,,,,,,,,,,,,,,,
4310,Zimmenn  Bel-Respiro  11 bis(domicile).,Zimmenn,Zimmenn  Bel-Respiro  11 bis(domicile).,{11 bis},{Bel-Respiro},{1890},(1889.000000 1890.000000 1890.000000 1891.000000 1.000000),,,,,,,,,,,,,,,,
153,Fabre (B.) et Zunx  pass. Verdeau 6 et 8.,Fabre (B.) et Zunx,Fabre (B.) et Zunx  pass. Verdeau 6 et 8.,{8},{6 e},{1871 1872},(1870.000000 1871.000000 1872.000000 1873.000000 1.000000),,,,,,,,,,,,,,,,
891,@NOTE Montier et Cie (La sfbretedu commerce)  renseignementscommerciaux. St-Fiacre 17.,Montier et Cie (La sfbretedu commerce)  renseignementscommerciaux. St-Fiacre 17.,@NOTE Montier et Cie (La sfbretedu commerce)  renseignementscommerciaux. St-Fiacre 17.,{17},{renseignements commerciaux. St-Fiacre},{1873},(1872.000000 1873.000000 1873.000000 1874.000000 1.000000),,,,,,,,,,,,,,,,
5019,FROIREFOND (A.) & Cie(maison fondee en 1878)  ordresde Bourse au comptant et e ter,FROIREFOND (A.) & Cie(maison fondee en 1878)  ordresde Bourse au comptant et e ter,FROIREFOND (A.) & Cie(maison fondee en 1878)  ordresde Bourse au comptant et e ter-me. Avances sur titres et re-ports  escompte d'effets de com-merce  paiement de coupons.Proprietaires du grand jour-nal financier quotidien de huitpages ab LA COTE LIBRE, bb r.de la Chaussee-d'Antin  29. TELEPH. 244-62.,{29},{paiement de coupons. Proprietaires du grand journal financier quotidien de huit pages ab LA COTE LIBRE, bb r. de la Chaussee-d'Antin},{1900},(1899.000000 1900.000000 1900.000000 1901.000000 1.000000),,,,,,,,,,,,,,,,
5414,Boime (Marc) (*A)et F. Virolle(*A)*. Faub. St-Antoine  3.,Boime (Marc) (*A)et F,Boime (Marc) (*A)et F. Virolle(*A)*. Faub. St-Antoine  3.,{3},{(Marc) (*A)et F. Virolle (*A)*. Faub. St-Antoine},{1905},(1904.000000 1905.000000 1905.000000 1906.000000 1.000000),,,,,,,,,,,,,,,,
2191,Quentin (E.) et Cie  rue Bergere 28: maison e Sl-Quenlin  capital6 000 00O.,Quentin (E.) et Cie,Quentin (E.) et Cie  rue Bergere 28: maison e Sl-Quenlin  capital6 000 00O.,{000},{capital 6},{1876},(1875.000000 1876.000000 1876.000000 1877.000000 1.000000),,,,,,,,,,,,,,,,
289,Munroe et Cie  Scrihe  7 , maisone New-York  John Munroe etCie  8  Wall-Street ,Munroe et Cie,Munroe et Cie  Scrihe  7 , maisone New-York  John Munroe etCie  8  Wall-Street ,{8},{John Munroe et Cie},{1871 1872},(1870.000000 1871.000000 1872.000000 1873.000000 1.000000),,,,,,,,,,,,,,,,
2408,Fabre (B.) et Zunz  pass. Verdeau 6 et 8.,Fabre (B.) et Zunz,Fabre (B.) et Zunz  pass. Verdeau 6 et 8.,{8},{6 e},{1877},(1876.000000 1877.000000 1877.000000 1878.000000 1.000000),,,,,,,,,,,,,,,,
4663,Monteaux (lesfils de V.)  Emile *et Lucien  Palais-Royal  galerieMontpensier  70 e 73  TELEPH.,Monteaux (lesfils de V.),Monteaux (lesfils de V.)  Emile *et Lucien  Palais-Royal  galerieMontpensier  70 e 73  TELEPH.,{73},{70 },{1895},(1894.000000 1895.000000 1895.000000 1896.000000 1.000000),,,,,,,,,,,,,,,,
4336,Banque J. Gilbert  avenue desTernes  40 et 42. TELEPH,Banque J,Banque J. Gilbert  avenue desTernes  40 et 42. TELEPH,{42},{40 e},{1895},(1894.000000 1895.000000 1895.000000 1896.000000 1.000000),,,,,,,,,,,,,,,,
2794,CAISSE PARISIENNE  A. Des,CAISSE PARISIENNE,CAISSE PARISIENNE  A. Des-lauriers  banquier  valeurs co-tees ou non cotees  assurances coupons. Publie la Causeriefinanciere  journal hebdoma-daire donnant en prime  deuxfois par mois  la liste exacteet complete de tous les tiragesfraneais et etrangers. Abonne-ments : Paris et departements 2 fr. par an. Envoi gratuitpendant un mois sur demande 61  Faub.-Montmartre.,{61},{2 fr. par an. Envoi gratuit pendant un mois sur demande},{1880},(1879.000000 1880.000000 1880.000000 1881.000000 1.000000),,,,,,,,,,,,,,,,
1671,Monteaux et Cie (les fils de V.) banque  change  fonds publics Palais-Royal  gal. Montpensier 70 e 73.,Monteaux et Cie (les fils de V.),Monteaux et Cie (les fils de V.) banque  change  fonds publics Palais-Royal  gal. Montpensier 70 e 73.,{73},{70 },{1875},(1874.000000 1875.000000 1875.000000 1876.000000 1.000000),,,,,,,,,,,,,,,,
4712,QUICHAUD & Cie  escompte etachats de creances  litres etdividendes sur faillites et li,QUICHAUD & Cie,QUICHAUD & Cie  escompte etachats de creances  litres etdividendes sur faillites et li-quidations. r. de Rivoli. 96.,{96},{litres et dividendes sur faillites et liquidations. r. de Rivoli},{1895},(1894.000000 1895.000000 1895.000000 1896.000000 1.000000),,,,,,,,,,,,,,,,
6209,GUION (V.)(succ  de P. Martinet) COMPTOIR FRANCO-BELGEMAISON FONDcE EN 1860.Secretaire de la chambre syn,GUION (V.)(succ  de P. Martinet) COMPTOIR FRANCO-BELGEMAISON FONDcE EN 1860.Secretaire de la chambre syn,GUION (V.)(succ  de P. Martinet) COMPTOIR FRANCO-BELGEMAISON FONDcE EN 1860.Secretaire de la chambre syn-dicale des banquiers et chan-geurs.Toutes operations de bourseet de change.Journal des tirages  publiepar les soins de la Chambresyndicale (abont 4 fr. l'an).Bd Sebastopol  6. T. 1028.16.30  boul. Beaumarchais  30.T. 932.04,{6},{publie par les soins de la Chambre syndicale (abont 4 fr. l'an). Bd Sebastopol},{1910},(1909.000000 1910.000000 1910.000000 1911.000000 1.000000),,,,,,,,,,,,,,,,
408,@NOTE Le Conseiller du Commerce Prevost  Pillou et Durand  ren,Le Conseiller du Commerce,@NOTE Le Conseiller du Commerce Prevost  Pillou et Durand  ren-seignements commerciaux surla France continentale  Jefb-neurs 35.,{35},{Jefbneur},{1871 1872},(1870.000000 1871.000000 1872.000000 1873.000000 1.000000),,,,,,,,,,,,,,,,
5543,FROIDEFOND (A.)(maison fondee en 1878)  ordresde Bourse au comptant et e ter,FROIDEFOND (A.)(maison fondee en 1878)  ordresde Bourse au comptant et e ter,FROIDEFOND (A.)(maison fondee en 1878)  ordresde Bourse au comptant et e ter-me. Avances sur titres et re-ports  escompte d'effets de com-merce  paiement de coupons.Proprietaire du grand jour-nal financier quotidien de huitpages ab LA COTE LIBRE, bb r.de la Chaussee-dAntin  29.TcLcPH. 244-62.,{29},{paiement de coupons. Proprietaire du grand journal financier quotidien de huit pages ab LA COTE LIBRE, bb r. de la Chaussee-dAntin},{1905},(1904.000000 1905.000000 1905.000000 1906.000000 1.000000),,,,,,,,,,,,,,,,
1878,Boltz. (Auguste)  banque et recou,Boltz,Boltz. (Auguste)  banque et recou-vrements. boul. Haussmaun  92.,{92},{banque et recouvrements. boul. Haussmaun},{1876},(1875.000000 1876.000000 1876.000000 1877.000000 1.000000),,,,,,,,,,,,,,,,
3890,Courtois  Bluntschli et Cie  caissede leconomie nationale  boul.du Temple  33 et 35.,Courtois,Courtois  Bluntschli et Cie  caissede leconomie nationale  boul.du Temple  33 et 35.,{35},{33 e},{1890},(1889.000000 1890.000000 1890.000000 1891.000000 1.000000),,,,,,,,,,,,,,,,
5439,CAISSE AUXILIAIREDE LINDUSTRIE (1883).Banque demissions  constitu,CAISSE AUXILIAIREDE LINDUSTRIE (1883).Banque demissions  constitu,CAISSE AUXILIAIREDE LINDUSTRIE (1883).Banque demissions  constitu-tions de societes  preats sur ti-tres  achats et ventes au comp-tant. Societe anonyme  capitalUN MILLION  29  rue Blanche  29.TcLcPH. 297.06 et 130-94.,{29},{capital UN MILLION},{1905},(1904.000000 1905.000000 1905.000000 1906.000000 1.000000),,,,,,,,,,,,,,,,
4314,AGENCE GcNcRALE DESPRcaTS.Preats hypothecaires sur toutesgaranties, achats de droits suc,AGENCE GcNcRALE DESPRcaTS.Preats hypothecaires sur toutesgaranties, achats de droits suc,AGENCE GcNcRALE DESPRcaTS.Preats hypothecaires sur toutesgaranties, achats de droits suc-cessifs jusque concurrencedun million, A. Didierjean  5 boul. Beaumarchais (Bastille).TELEPH.,{5},{GcNcRALE DES PRcaTS. Preats hypothecaires sur toutes garanties, achats de droits successifs jusque concurrence dun million, A. Didierjean},{1895},(1894.000000 1895.000000 1895.000000 1896.000000 1.000000),,,,,,,,,,,,,,,,
374,Tucker (James W.) et Cie  Scribe 3 et 5.,Tucker (James W.) et Cie,Tucker (James W.) et Cie  Scribe 3 et 5.,{5},{3 e},{1871 1872},(1870.000000 1871.000000 1872.000000 1873.000000 1.000000),,,,,,,,,,,,,,,,
930,Berthond (L.) et Cie. Picher  15.,Berthond (L.) et Cie,Berthond (L.) et Cie. Picher  15.,{15},{(L.) et Cie. Picher},{1874},(1873.000000 1874.000000 1874.000000 1875.000000 1.000000),,,,,,,,,,,,,,,,
3939,Dufour (Charles)  Mauconseil 29 et 31.,Dufour (Charles),Dufour (Charles)  Mauconseil 29 et 31.,{31},{29 e},{1890},(1889.000000 1890.000000 1890.000000 1891.000000 1.000000),,,,,,,,,,,,,,,,
3268,Bertrand (A.)  escompte et re,Bertrand (A.),Bertrand (A.)  escompte et re-couvrements  ordres de bourse avances sur titres  40 bis  ruede Rivoli.,{40 bis},{avances sur titres},{1885},(1884.000000 1885.000000 1885.000000 1886.000000 1.000000),,,,,,,,,,,,,,,,
1325,Tucker (James W.) et Cie  Scribe  3 et 5.,Tucker (James W.) et Cie,Tucker (James W.) et Cie  Scribe  3 et 5.,{5},{ 3 e},{1874},(1873.000000 1874.000000 1874.000000 1875.000000 1.000000),,,,,,,,,,,,,,,,
2250,Weill (A.) et Cie Fvart  8.,Weill (A.) et Cie Fvart,Weill (A.) et Cie Fvart  8.,{8},{(A.) et Cie Fvart},{1876},(1875.000000 1876.000000 1876.000000 1877.000000 1.000000),,,,,,,,,,,,,,,,
4971,DESMAZURES (A.) BANQUE. - ESCOMPTE. - Ou,DESMAZURES (A.),DESMAZURES (A.) BANQUE. - ESCOMPTE. - Ou-vertures de credit sur signa-tures aux Employes & Officiers. Avances sur titres & autresgaranties. - Rue de Londres  46.,{46},{BANQUE. - ESCOMPTE. - Ouvertures de credit sur signatures aux Employes & Officiers.  Avances sur titres & autres garanties. - Rue de Londres},{1900},(1899.000000 1900.000000 1900.000000 1901.000000 1.000000),,,,,,,,,,,,,,,,
2566,Mouteaux et Cie (les fils de V.) Palais-Royal  gal. Montpensier 70 e 73.,Mouteaux et Cie (les fils de V.),Mouteaux et Cie (les fils de V.) Palais-Royal  gal. Montpensier 70 e 73.,{73},{70 },{1877},(1876.000000 1877.000000 1877.000000 1878.000000 1.000000),,,,,,,,,,,,,,,,
5680,Louis-Dreyfus (O. *) + NC. &Cie rue du Louvre. 42.TcLcPH. 153.18  153.19 et 153.59.,Louis-Dreyfus (O,Louis-Dreyfus (O. *) + NC. &Cie rue du Louvre. 42.TcLcPH. 153.18  153.19 et 153.59.,{153},{153.19 e},{1905},(1904.000000 1905.000000 1905.000000 1906.000000 1.000000),,,,,,,,,,,,,,,,
3344,Corel (Leopold)  Richelieu  82 et84.,Corel (Leopold),Corel (Leopold)  Richelieu  82 et84.,{84},{82 e},{1885},(1884.000000 1885.000000 1885.000000 1886.000000 1.000000),,,,,,,,,,,,,,,,
1775,Tucker (James W.) et Cie  Scribe 3 et 5.,Tucker (James W.) et Cie,Tucker (James W.) et Cie  Scribe 3 et 5.,{5},{3 e},{1875},(1874.000000 1875.000000 1875.000000 1876.000000 1.000000),,,,,,,,,,,,,,,,
1214,Monteaux et Cie (les fils de V.) banque  change  fonds publics Palais-Royal  gal. Mootpensler 70 e 73.,Monteaux et Cie (les fils de V.),Monteaux et Cie (les fils de V.) banque  change  fonds publics Palais-Royal  gal. Mootpensler 70 e 73.,{73},{70 },{1874},(1873.000000 1874.000000 1874.000000 1875.000000 1.000000),,,,,,,,,,,,,,,,
1097,Grillet (Victor)  place de la Bourse 13 et 15.,Grillet (Victor),Grillet (Victor)  place de la Bourse 13 et 15.,{15},{13 e},{1874},(1873.000000 1874.000000 1874.000000 1875.000000 1.000000),,,,,,,,,,,,,,,,
3243,Baleosi (E.)  O. ?? avenue de l'0,Baleosi (E.),Baleosi (E.)  O. ?? avenue de l'0-pera  TELEPH. B. 21.,{21},{TELEPH. B},{1885},(1884.000000 1885.000000 1885.000000 1886.000000 1.000000),,,,,,,,,,,,,,,,
832,Sossa (Raphaebl) et Cie  avancessur titres  encaissement et cou,Sossa (Raphaebl) et Cie,Sossa (Raphaebl) et Cie  avancessur titres  encaissement et cou-pons sans frais  achat et vente de valeurs industrielles  fondspublics franeais et etrangers.Vivienne  30  et St-Marc  13.,{30},{fonds publics franeais et etrangers. Vivienne},{1873},(1872.000000 1873.000000 1873.000000 1874.000000 1.000000),,,,,,,,,,,,,,,,
1801,@NOTE ADMINISTRATION BIDAULT r. de la Jussienne 6 et 9  publi,ADMINISTRATION BIDAULT,@NOTE ADMINISTRATION BIDAULT r. de la Jussienne 6 et 9  publi-cite et recouvrements.,{9},{e},{1875},(1874.000000 1875.000000 1875.000000 1876.000000 1.000000),,,,,,,,,,,,,,,,
850,Tucker (James W.) et Cie  Scribe 3 et 5.,Tucker (James W.) et Cie,Tucker (James W.) et Cie  Scribe 3 et 5.,{5},{3 e},{1873},(1872.000000 1873.000000 1873.000000 1874.000000 1.000000),,,,,,,,,,,,,,,,
2241,Vengohechea (M.)  et Cie  banqueet consignation. Haute ville  5.,Vengohechea (M.),Vengohechea (M.)  et Cie  banqueet consignation. Haute ville  5.,{5},{banque et consignation. Haute ville},{1876},(1875.000000 1876.000000 1876.000000 1877.000000 1.000000),,,,,,,,,,,,,,,,
1879,Boocks (Felix)  pass. Saulnier  21et 23.,Boocks (Felix),Boocks (Felix)  pass. Saulnier  21et 23.,{23},{21 e},{1876},(1875.000000 1876.000000 1876.000000 1877.000000 1.000000),,,,,,,,,,,,,,,,
4064,Landry  Neauber et Cie  success.de L. Prieur neveu et Cie  4 rue Rougemont, maison eElbeuf  rue Robert prolongee,Landry,Landry  Neauber et Cie  success.de L. Prieur neveu et Cie  4 rue Rougemont, maison eElbeuf  rue Robert prolongee,{4},{success. de L. Prieur neveu et Cie},{1890},(1889.000000 1890.000000 1890.000000 1891.000000 1.000000),,,,,,,,,,,,,,,,
2573,Munroe et Cie  Seribe  7 , maisone New-York  John Munroe etCie  8  Wall-Street.,Munroe et Cie,Munroe et Cie  Seribe  7 , maisone New-York  John Munroe etCie  8  Wall-Street.,{8},{John Munroe et Cie},{1877},(1876.000000 1877.000000 1877.000000 1878.000000 1.000000),,,,,,,,,,,,,,,,
163,Frogier-Thory  coupons et va,Frogier-Thory,Frogier-Thory  coupons et va-leurs de banques. Lafayette  33 ci-devant  St-Lazare  11.,{33},{coupons et valeurs de banques. Lafayette},{1871 1872},(1870.000000 1871.000000 1872.000000 1873.000000 1.000000),,,,,,,,,,,,,,,,
186,Grillet (Victor)  place de la Bourse 13 et 15.,Grillet (Victor),Grillet (Victor)  place de la Bourse 13 et 15.,{15},{13 e},{1871 1872},(1870.000000 1871.000000 1872.000000 1873.000000 1.000000),,,,,,,,,,,,,,,,
5429,Bretault  Bluntschli et Cie  caissede leconomie nationale  boul.du Temple  33 et 35.,Bretault,Bretault  Bluntschli et Cie  caissede leconomie nationale  boul.du Temple  33 et 35.,{35},{33 e},{1905},(1904.000000 1905.000000 1905.000000 1906.000000 1.000000),,,,,,,,,,,,,,,,
2858,DESLAURIERS (A.)  caisse pari,DESLAURIERS (A.),DESLAURIERS (A.)  caisse pari-sienne  achat et vente de toutesvaleurs cotees ou non cotees coupons  publie la Causeriefinanciere  journal hebdoma-daire donnant en prime deuxfois par mois la liste exacte etcomplete de tous les tiragesfinaneais et etrangers. Abonne-munts : Paris et departements 2 fr. par an. Envoi gratuit pen-dant un mots sur demande  61 Faub.-Montmartre.,{61},{2 fr. par an. Envoi gratuit pendant un mots sur demande},{1880},(1879.000000 1880.000000 1880.000000 1881.000000 1.000000),,,,,,,,,,,,,,,,
1516,Fabre (B.) et Zunz  pass. Verdeau 6 et 8.,Fabre (B.) et Zunz,Fabre (B.) et Zunz  pass. Verdeau 6 et 8.,{8},{6 e},{1875},(1874.000000 1875.000000 1875.000000 1876.000000 1.000000),,,,,,,,,,,,,,,,
5032,Gerard (Louis) (ancnne Mon Pillard).r. Lafayette  71. TELEPH. 231-38.,Gerard (Louis) (ancnne Mon Pillard).r. Lafayette  71. TELEPH. 231-38.,Gerard (Louis) (ancnne Mon Pillard).r. Lafayette  71. TELEPH. 231-38.,{71},{(Louis) (ancnne Mon Pillard). r. Lafayette},{1900},(1899.000000 1900.000000 1900.000000 1901.000000 1.000000),,,,,,,,,,,,,,,,
5034,Gilbert (J.) et Cie  (Banque J.Gilbert)  avenue des Ternes  40et 42. Siege social : r. St,Gilbert (J.) et Cie,Gilbert (J.) et Cie  (Banque J.Gilbert)  avenue des Ternes  40et 42. Siege social : r. St-Lazare  91.,{91},{40 et 42. Siege social : r. StLazare\             \40 et 42. Siege social : r. StLazare},{1900},(1899.000000 1900.000000 1900.000000 1901.000000 1.000000),,,,,,,,,,,,,,,,
4518,Gilbert (J.) (Banque J. Gilbert) avenue des Ternes  41 et 42 (TcLEPH).,Gilbert (J.) (Banque J,Gilbert (J.) (Banque J. Gilbert) avenue des Ternes  41 et 42 (TcLEPH).,{42},{41 e},{1895},(1894.000000 1895.000000 1895.000000 1896.000000 1.000000),,,,,,,,,,,,,,,,
3058,Monteaux (les fils de V.) et Cie Palais-Royal  galerie Montpen,Monteaux (les fils de V.) et Cie,Monteaux (les fils de V.) et Cie Palais-Royal  galerie Montpen-sier  70 e 73.,{73},{70 },{1880},(1879.000000 1880.000000 1880.000000 1881.000000 1.000000),,,,,,,,,,,,,,,,
29,BANQUE GcNcRALE DE CRcDIT 1  rue du Quatre-Septembre achat et vente de valeurs  BEAU,BANQUE GcNcRALE DE CRcDIT,BANQUE GcNcRALE DE CRcDIT 1  rue du Quatre-Septembre achat et vente de valeurs  BEAU-RE (A.)  DIRECTEUR.,{1},{GcNcRALE DE CRcDIT},{1871 1872},(1870.000000 1871.000000 1872.000000 1873.000000 1.000000),,,,,,,,,,,,,,,,
6492,Rothschild freres  r. Laffitte  21et 23.,Rothschild freres,Rothschild freres  r. Laffitte  21et 23.,{23},{21 e},{1910},(1909.000000 1910.000000 1910.000000 1911.000000 1.000000),,,,,,,,,,,,,,,,
5950,BANQUE SPcCIALEDU COMPTANT Haffemayer  Noyer et Cie 16 bis  r. de Londres  16 bis.Telephone 329.49.,BANQUE SPcCIALEDU COMPTANT Haffemayer  Noyer et Cie 16 bis  r. de Londres  16 bis.Telephone 329.49.,BANQUE SPcCIALEDU COMPTANT Haffemayer  Noyer et Cie 16 bis  r. de Londres  16 bis.Telephone 329.49.,{16 bis},{Noyer et Cie},{1910},(1909.000000 1910.000000 1910.000000 1911.000000 1.000000),,,,,,,,,,,,,,,,
6486,RONNET (J.) & Cie  banquiers.Achat et vente d'immeublesINTERNATal LAW DcPARTEM.CONSTITUTIONS DE SOCIcTcS.J.Ronnet  correspondant et fondede pouvoirs pour la France du Syndical financier d'emissions.Franco-British.r. Le Peletier  Paris.T. 329 12.20 Eastcheap  E. C. London.,RONNET (J.) & Cie,RONNET (J.) & Cie  banquiers.Achat et vente d'immeublesINTERNATal LAW DcPARTEM.CONSTITUTIONS DE SOCIcTcS.J.Ronnet  correspondant et fondede pouvoirs pour la France du Syndical financier d'emissions.Franco-British.r. Le Peletier  Paris.T. 329 12.20 Eastcheap  E. C. London.,{12},{Paris. T. 329},{1910},(1909.000000 1910.000000 1910.000000 1911.000000 1.000000),,,,,,,,,,,,,,,,
3609,Monteaux (les fils de V.)  Palais,Monteaux (les fils de V.),Monteaux (les fils de V.)  Palais-Royal  galerie Montpensier  70 e073.,{733},{70 },{1885},(1884.000000 1885.000000 1885.000000 1886.000000 1.000000),,,,,,,,,,,,,,,,
5293,SILVA (Jose T.)  banquier  gerantde J. T. Silva et Cb  de Porto-Rico. Administrateur de la Cie deschemins de fer de Porto-Rico,domicile : boul. Malesherbes 90, bureaux : r. Caumartin  41.,SILVA (Jose T.),SILVA (Jose T.)  banquier  gerantde J. T. Silva et Cb  de Porto-Rico. Administrateur de la Cie deschemins de fer de Porto-Rico,domicile : boul. Malesherbes 90, bureaux : r. Caumartin  41.,{90},{de Porto-Rico.  Administrateur de la Cie des chemins de fer de Porto-Rico, domicile : boul. Malesherbes},{1900},(1899.000000 1900.000000 1900.000000 1901.000000 1.000000),,,,,,,,,,,,,,,,
6277,LANGERON-GALLARD ANGENARD ET CIE 14  RUE DE LA VICTOIRE  14.T. 206.36. Adr.T: FRANCIAL,LANGERON-GALLARD,LANGERON-GALLARD ANGENARD ET CIE 14  RUE DE LA VICTOIRE  14.T. 206.36. Adr.T: FRANCIAL-BANK-BOURSE, ordres de bour-se comptant et terme aux con-ditions des agents officiels dumarche sans commission  nicourtage supplementaire.,{14},{ANGENARD ET CIE},{1910},(1909.000000 1910.000000 1910.000000 1911.000000 1.000000),,,,,,,,,,,,,,,,
4426,CLERC  Preats-Achats1  R. Baudin  1 (square Mohtholon)Preats HYPOTHcCAIRES dep.3.50 %Titres incessibles et dotaux Nues-ProprietesSuccessions  Loyers et toutes garanties.,CLERC,CLERC  Preats-Achats1  R. Baudin  1 (square Mohtholon)Preats HYPOTHcCAIRES dep.3.50 %Titres incessibles et dotaux Nues-ProprietesSuccessions  Loyers et toutes garanties.,{1},{Preats-Achat},{1895},(1894.000000 1895.000000 1895.000000 1896.000000 1.000000),,,,,,,,,,,,,,,,
1811,@NOTE FORTIN (CH ) @NC  @(A) 1855 @MH  @(R) et @(A) 1867  papetier fourniture pour banquiers etagents de change  IMPRESSION gravure  portefeuilles  fabri,FORTIN (CH ) @NC,@NOTE FORTIN (CH ) @NC  @(A) 1855 @MH  @(R) et @(A) 1867  papetier fourniture pour banquiers etagents de change  IMPRESSION gravure  portefeuilles  fabri-que de registres  fournisseur duCOMPTOIR DESCOMPTE et deschemins de fer, Nve-des-Petits-Champs  59.,{59},{fournisseur du COMPTOIR DESCOMPTE et des chemins de fer, Nve-des-PetitsChamps\             \fournisseur du COMPTOIR DESCOMPTE et des chemins de fer, Nve-des-PetitsChamps},{1875},(1874.000000 1875.000000 1875.000000 1876.000000 1.000000),,,,,,,,,,,,,,,,
2449,Grillot (V.)  place de la Bourse  13et 15.,Grillot (V.),Grillot (V.)  place de la Bourse  13et 15.,{15},{13 e},{1877},(1876.000000 1877.000000 1877.000000 1878.000000 1.000000),,,,,,,,,,,,,,,,
3338,Comptoir mobilier  societe aucapital de 500 000 francs  Si,Comptoir mobilier,Comptoir mobilier  societe aucapital de 500 000 francs  Si-mondet et Cie  directeurs.Achat de creances et de divi-dendes  faillites  8  quai deGesvres.,{8},{faillites},{1885},(1884.000000 1885.000000 1885.000000 1886.000000 1.000000),,,,,,,,,,,,,,,,
5368,Banque des Fonds publics et desValeurs industrielles  rue N.,Banque des Fonds publics et desValeurs industrielles  rue N.,Banque des Fonds publics et desValeurs industrielles  rue N.-D.-des-Victoires  19 et pl. de laBourse  1 et 3.,{3},{1 e},{1905},(1904.000000 1905.000000 1905.000000 1906.000000 1.000000),,,,,,,,,,,,,,,,
2223,Societe generale de commerce capital 12 millions Moitessier ne,Societe generale de commerce,Societe generale de commerce capital 12 millions Moitessier ne-veu @NC et Cie. Vivienne  27.,{27},{capital 12 millions Moitessier neveu @NC et Cie. Vivienne},{1876},(1875.000000 1876.000000 1876.000000 1877.000000 1.000000),,,,,,,,,,,,,,,,
3975,GAILLARD (Jules) (Blondin etCie succ.)  42  rue Notre-D.,GAILLARD (Jules) (Blondin etCie succ.)  42  rue Notre-D.,GAILLARD (Jules) (Blondin etCie succ.)  42  rue Notre-D.-des-Victoires  operations deBourse e terme  circulaire fi-nanciere quotidienne  gratuitesur demande.  Couverture re-duite  conditions particulieres.,{42},{(Jules) (Blondin et Cie succ.)},{1890},(1889.000000 1890.000000 1890.000000 1891.000000 1.000000),,,,,,,,,,,,,,,,
877,@NOTE Administration Bidault r. de la Jussienne  6 et 9  publi,Administration Bidault,@NOTE Administration Bidault r. de la Jussienne  6 et 9  publi-cite et recouvrements.,{9},{6 e},{1873},(1872.000000 1873.000000 1873.000000 1874.000000 1.000000),,,,,,,,,,,,,,,,
2189,Pujot (A.)  Richelieu  82 et 84.,Pujot (A.),Pujot (A.)  Richelieu  82 et 84.,{84},{82 e},{1876},(1875.000000 1876.000000 1876.000000 1877.000000 1.000000),,,,,,,,,,,,,,,,
439,Banque de l'union franco belge.Quatre-Septembre  12.,Banque de l'union franco belge.Quatre-Septembre  12.,Banque de l'union franco belge.Quatre-Septembre  12.,{12},{de l'union franco belge. Quatre-Septembre},{1873},(1872.000000 1873.000000 1873.000000 1874.000000 1.000000),,,,,,,,,,,,,,,,
2740,Barker (L.)  THE ENGLISHBANK)  13  Royale-St-Honore recouvrements sur lAngleterreet colonies anglaises  ordres debourse.,Barker (L.),Barker (L.)  THE ENGLISHBANK)  13  Royale-St-Honore recouvrements sur lAngleterreet colonies anglaises  ordres debourse.,{13},{THE ENGLISH BANK)},{1880},(1879.000000 1880.000000 1880.000000 1881.000000 1.000000),,,,,,,,,,,,,,,,
5187,Monteaux (Emile) ?? NC et Cie (anc mon. Les fils de V. Mon,Monteaux (Emile) ?? NC et Cie,Monteaux (Emile) ?? NC et Cie (anc mon. Les fils de V. Mon-teaux)  galerie Montpensier  70 e07  Palais-Royal. TELEPH. 134-52.,{73},{70 },{1900},(1899.000000 1900.000000 1900.000000 1901.000000 1.000000),,,,,,,,,,,,,,,,
1410,Boocks (Felix)  pass. Saulnier  21et 23.,Boocks (Felix),Boocks (Felix)  pass. Saulnier  21et 23.,{23},{21 e},{1875},(1874.000000 1875.000000 1875.000000 1876.000000 1.000000),,,,,,,,,,,,,,,,
1054,Fabre (B.) et Zunz  pass. Verdeau 6 et 8.,Fabre (B.) et Zunz,Fabre (B.) et Zunz  pass. Verdeau 6 et 8.,{8},{6 e},{1874},(1873.000000 1874.000000 1874.000000 1875.000000 1.000000),,,,,,,,,,,,,,,,
909,Astruc (T.)  @NC et fils  51  rue Le,Astruc (T.),Astruc (T.)  @NC et fils  51  rue Le-Peletier.,{51},{@NC et fils},{1874},(1873.000000 1874.000000 1874.000000 1875.000000 1.000000),,,,,,,,,,,,,,,,
2887,Fabre (B.) et Zunz  passageVerdeau  6 et 8.,Fabre (B.) et Zunz,Fabre (B.) et Zunz  passageVerdeau  6 et 8.,{8},{6 e},{1880},(1879.000000 1880.000000 1880.000000 1881.000000 1.000000),,,,,,,,,,,,,,,,
3986,GENIN (Jules)  BANQUE etCHANGE. Ordres de Bourse aucomptant et e terme. Circulairequotidienne envoyee gratuite,GENIN (Jules),GENIN (Jules)  BANQUE etCHANGE. Ordres de Bourse aucomptant et e terme. Circulairequotidienne envoyee gratuite-ment sur demande. Avances surtitres. Paiement et escompte detous coupons. ACHAT IMMc-DIAT DE TOUTES VALEURSDcPRcCIcES EN LIQUIDA-TION OU EN FAILLITE. Domi-ciliation des effets de commerce.RETRAITS A LA BANQUE DEFRANCE DES BILLETS OUTRAITES NON PAYcS A PRc-SENTATION  3  place des Vic-toires  et rue Croix-des-Petits-Champs  52.,{3},{BANQUE et CHANGE. Ordres de Bourse au comptant et e terme. Circulaire quotidienne envoyee gratuitement sur demande. Avances sur titres. Paiement et escompte de tous coupons. ACHAT IMMcDIAT DE TOUTES VALEURS DcPRcCIcES EN LIQUIDATION OU EN FAILLITE. Domiciliation des effets de commerce. RETRAITS A LA BANQUE DE FRANCE DES BILLETS OU TRAITES NON PAYcS A PRcSENTATION},{1890},(1889.000000 1890.000000 1890.000000 1891.000000 1.000000),,,,,,,,,,,,,,,,
